{
  "target": 0.13,
  "fixed": {
    "gamma_mean": 0.05756197922424867,
    "gamma_std": 0.021329369329601715,
    "curve": [
      [
        128,
        -0.0029495357593765158
      ],
      [
        256,
        0.025852722308198392
      ],
      [
        384,
        0.037796153596304664
      ],
      [
        512,
        0.059399671795484506
      ],
      [
        640,
        0.06423457101595491
      ],
      [
        768,
        0.07102993743351341
      ],
      [
        896,
        0.07177962417598018
      ],
      [
        1024,
        0.08075865853336166
      ],
      [
        1152,
        0.08119126965837366
      ],
      [
        1280,
        0.07016630750781166
      ],
      [
        1408,
        0.0641088305775099
      ],
      [
        1536,
        0.059997432411799535
      ],
      [
        1664,
        0.05714278615447331
      ],
      [
        1792,
        0.06112300410931984
      ],
      [
        1920,
        0.06179825484502089
      ]
    ],
    "distinct1": 0.181640625,
    "distinct2": 0.4049829018075232,
    "entropy": 5.00021838593311,
    "rep4": 0.1921760391198044
  },
  "aware": {
    "gamma_mean": 0.058723246421608755,
    "gamma_std": 0.03147029129654722,
    "curve": [
      [
        128,
        -0.02485883202121741
      ],
      [
        256,
        0.004953044721108427
      ],
      [
        384,
        0.04995982532873157
      ],
      [
        512,
        0.06412698376111267
      ],
      [
        640,
        0.08386477793747028
      ],
      [
        768,
        0.11058510849060703
      ],
      [
        896,
        0.07896651036458077
      ],
      [
        1024,
        0.07746766558747231
      ],
      [
        1152,
        0.07427613066361315
      ],
      [
        1280,
        0.07382937400071868
      ],
      [
        1408,
        0.06783064171704589
      ],
      [
        1536,
        0.06042655459147277
      ],
      [
        1664,
        0.05625651963832547
      ],
      [
        1792,
        0.05950660977820017
      ],
      [
        1920,
        0.04365778176488963
      ]
    ],
    "T_traj": [
      [
        224,
        0.004,
        0.8
      ],
      [
        256,
        0.005,
        0.68
      ],
      [
        288,
        0.017,
        0.56
      ],
      [
        320,
        0.024,
        0.44
      ],
      [
        352,
        0.039,
        0.32
      ],
      [
        384,
        0.05,
        0.3
      ],
      [
        416,
        0.051,
        0.3
      ],
      [
        448,
        0.059,
        0.3
      ],
      [
        480,
        0.062,
        0.3
      ],
      [
        512,
        0.064,
        0.3
      ],
      [
        544,
        0.063,
        0.3
      ],
      [
        576,
        0.072,
        0.3
      ],
      [
        608,
        0.08,
        0.3
      ],
      [
        640,
        0.084,
        0.3
      ],
      [
        672,
        0.094,
        0.3
      ],
      [
        704,
        0.097,
        0.3
      ],
      [
        736,
        0.105,
        0.3
      ],
      [
        768,
        0.111,
        0.3
      ],
      [
        800,
        0.098,
        0.3
      ],
      [
        832,
        0.09,
        0.3
      ],
      [
        864,
        0.086,
        0.3
      ],
      [
        896,
        0.079,
        0.3
      ],
      [
        928,
        0.079,
        0.3
      ],
      [
        960,
        0.079,
        0.3
      ],
      [
        992,
        0.077,
        0.3
      ],
      [
        1024,
        0.077,
        0.3
      ],
      [
        1056,
        0.075,
        0.3
      ],
      [
        1088,
        0.073,
        0.3
      ],
      [
        1120,
        0.073,
        0.3
      ],
      [
        1152,
        0.074,
        0.3
      ],
      [
        1184,
        0.076,
        0.3
      ],
      [
        1216,
        0.074,
        0.3
      ],
      [
        1248,
        0.075,
        0.3
      ],
      [
        1280,
        0.074,
        0.3
      ],
      [
        1312,
        0.073,
        0.3
      ],
      [
        1344,
        0.072,
        0.3
      ],
      [
        1376,
        0.069,
        0.3
      ],
      [
        1408,
        0.068,
        0.3
      ],
      [
        1440,
        0.066,
        0.3
      ],
      [
        1472,
        0.062,
        0.3
      ],
      [
        1504,
        0.06,
        0.3
      ],
      [
        1536,
        0.06,
        0.3
      ],
      [
        1568,
        0.059,
        0.3
      ],
      [
        1600,
        0.056,
        0.3
      ],
      [
        1632,
        0.054,
        0.3
      ],
      [
        1664,
        0.056,
        0.3
      ],
      [
        1696,
        0.059,
        0.3
      ],
      [
        1728,
        0.057,
        0.3
      ],
      [
        1760,
        0.062,
        0.3
      ],
      [
        1792,
        0.06,
        0.3
      ],
      [
        1824,
        0.057,
        0.3
      ],
      [
        1856,
        0.054,
        0.3
      ],
      [
        1888,
        0.05,
        0.3
      ],
      [
        1920,
        0.044,
        0.3
      ],
      [
        1952,
        0.041,
        0.3
      ],
      [
        1984,
        0.04,
        0.3
      ],
      [
        2016,
        0.039,
        0.3
      ],
      [
        2048,
        0.035,
        0.3
      ]
    ],
    "distinct1": 0.15380859375,
    "distinct2": 0.32193453834880315,
    "entropy": 5.212592449221763,
    "rep4": 0.44058679706601467
  }
}