{
  "baseline": {
    "greedy": {
      "gamma": 0.11977750531249712,
      "distinct1": 0.13020833333333334,
      "distinct2": 0.3538237132735987,
      "entropy": 7.487773627803945,
      "rep4": 0.4106733375026058
    },
    "T0.8": {
      "gamma": 0.0821655400853141,
      "distinct1": 0.18979166666666666,
      "distinct2": 0.5365701187747447,
      "entropy": 7.879194823798543,
      "rep4": 0.1665624348551178
    }
  },
  "overtrain": {
    "greedy": {
      "gamma": 0.09848565623368619,
      "distinct1": 0.16041666666666668,
      "distinct2": 0.36695144821837883,
      "entropy": 7.862569296565437,
      "rep4": 0.45590994371482174
    },
    "T0.8": {
      "gamma": 0.08076519609116493,
      "distinct1": 0.20104166666666667,
      "distinct2": 0.5180245884559284,
      "entropy": 8.268302479010547,
      "rep4": 0.2399416301855326
    }
  }
}