{
  "linear_low": [
    [
      0,
      0.047159059928196516
    ],
    [
      40,
      0.054029759458182454
    ],
    [
      80,
      0.0449714804286753
    ]
  ],
  "linear_high": [
    [
      0,
      0.047159059928196516
    ],
    [
      40,
      0.05080651818739867
    ],
    [
      80,
      0.061464388578857866
    ]
  ],
  "log_low": [
    [
      0,
      0.047159059928196516
    ],
    [
      40,
      0.04733029509782395
    ],
    [
      80,
      0.04191346049739916
    ]
  ],
  "log_high": [
    [
      0,
      0.047159059928196516
    ],
    [
      40,
      0.028598303915268165
    ],
    [
      80,
      0.026303247652319946
    ]
  ]
}