{
  "tag": "s0_N12M_bpe6000",
  "seed": 0,
  "V": 6001,
  "H": 224,
  "cpt": 2.2200515051949203,
  "bpc": 1.7286960329002923
}