{
  "tag": "s0_N12M_bpe500",
  "seed": 0,
  "V": 501,
  "H": 256,
  "cpt": 1.7529989429416375,
  "bpc": 1.7402742316702131
}