{
  "tag": "s0_N4M_bpe3000",
  "seed": 0,
  "V": 3001,
  "H": 128,
  "cpt": 2.117056275589918,
  "bpc": 1.9223816386066634
}