{
  "tag": "s0_N32M_bpe6000",
  "seed": 0,
  "V": 6001,
  "H": 352,
  "cpt": 2.2200515051949203,
  "bpc": 1.6445035437795978
}