{
  "tag": "s0_N4M_bpe1500",
  "seed": 0,
  "V": 1501,
  "H": 160,
  "cpt": 1.9984811543227148,
  "bpc": 1.8531477348959353
}