{
  "tag": "s0_N4M_bpe500",
  "seed": 0,
  "V": 501,
  "H": 160,
  "cpt": 1.7529989429416375,
  "bpc": 1.8651153326490184
}