{
  "tag": "s0_N12M_bpe1500",
  "seed": 0,
  "V": 1501,
  "H": 256,
  "cpt": 1.9984811543227148,
  "bpc": 1.7253120301300988
}