{
  "tag": "s0_N32M_bpe1500",
  "seed": 0,
  "V": 1501,
  "H": 352,
  "cpt": 1.9984811543227148,
  "bpc": 1.6543444146167112
}