{
  "tag": "s0_N32M_bpe3000",
  "seed": 0,
  "V": 3001,
  "H": 352,
  "cpt": 2.117056275589918,
  "bpc": 1.6588472067275133
}