{
  "tag": "s0_N4M_bpe6000",
  "seed": 0,
  "V": 6001,
  "H": 128,
  "cpt": 2.2200515051949203,
  "bpc": 1.870850185385485
}