{
  "tag": "s0_N32M_bpe500",
  "seed": 0,
  "V": 501,
  "H": 352,
  "cpt": 1.7529989429416375,
  "bpc": 1.6660661094145712
}