{
  "tag": "s1_N12M_bpe500",
  "seed": 1,
  "V": 501,
  "H": 256,
  "cpt": 1.7529989429416375,
  "bpc": 1.7370594393703298
}