{
  "tag": "s1_N4M_bpe1500",
  "seed": 1,
  "V": 1501,
  "H": 160,
  "cpt": 1.9984811543227148,
  "bpc": 1.861607450652498
}