{
  "tag": "s1_N4M_bpe500",
  "seed": 1,
  "V": 501,
  "H": 160,
  "cpt": 1.7529989429416375,
  "bpc": 1.8667227287989598
}