{
  "tag": "s1_N32M_bpe3000",
  "seed": 1,
  "V": 3001,
  "H": 352,
  "cpt": 2.117056275589918,
  "bpc": 1.6424317623175326
}