{
  "tag": "s1_N4M_bpe6000",
  "seed": 1,
  "V": 6001,
  "H": 128,
  "cpt": 2.2200515051949203,
  "bpc": 1.880157897750587
}