{
  "tag": "s1_N32M_bpe500",
  "seed": 1,
  "V": 501,
  "H": 352,
  "cpt": 1.7529989429416375,
  "bpc": 1.6757104863142216
}