{
  "tag": "s2_N32M_bpe3000",
  "seed": 2,
  "V": 3001,
  "H": 352,
  "cpt": 2.117056275589918,
  "bpc": 1.6428754229772617
}