{
  "tag": "s2_N4M_bpe6000",
  "seed": 2,
  "V": 6001,
  "H": 128,
  "cpt": 2.2200515051949203,
  "bpc": 1.8759271194028135
}