{
  "tag": "s2_N32M_bpe500",
  "seed": 2,
  "V": 501,
  "H": 352,
  "cpt": 1.7529989429416375,
  "bpc": 1.674638888880927
}