{
  "tag": "s2_N12M_bpe3000",
  "seed": 2,
  "V": 3001,
  "H": 256,
  "cpt": 2.117056275589918,
  "bpc": 1.7160794318325812
}