{
  "tag": "s2_N12M_bpe1500",
  "seed": 2,
  "V": 1501,
  "H": 256,
  "cpt": 1.9984811543227148,
  "bpc": 1.729071903799682
}