{
  "tag": "s2_N4M_bpe3000",
  "seed": 2,
  "V": 3001,
  "H": 128,
  "cpt": 2.117056275589918,
  "bpc": 1.912177443432892
}