{
  "tag": "s2_N4M_bpe500",
  "seed": 2,
  "V": 501,
  "H": 160,
  "cpt": 1.7529989429416375,
  "bpc": 1.859221546765899
}