{
  "0": {
    "4": {
      "vopt": "bpe1500",
      "V": 1501,
      "row": {
        "char": 2.011413691447731,
        "bpe500": 1.8651153326490184,
        "bpe1500": 1.8531477348959353,
        "bpe3000": 1.9223816386066634,
        "bpe6000": 1.870850185385485
      }
    },
    "12": {
      "vopt": "bpe3000",
      "V": 3001,
      "row": {
        "char": 1.876161031364391,
        "bpe500": 1.7402742316702131,
        "bpe1500": 1.7253120301300988,
        "bpe3000": 1.7214033597493317,
        "bpe6000": 1.7286960329002923
      }
    },
    "32": {
      "vopt": "bpe6000",
      "V": 6001,
      "row": {
        "char": 1.7986725281916438,
        "bpe500": 1.6660661094145712,
        "bpe1500": 1.6543444146167112,
        "bpe3000": 1.6588472067275133,
        "bpe6000": 1.6445035437795978
      }
    },
    "exponent": 0.6657128747382944
  },
  "1": {
    "4": {
      "vopt": "bpe1500",
      "V": 1501,
      "row": {
        "char": 2.0048389093603465,
        "bpe500": 1.8667227287989598,
        "bpe1500": 1.861607450652498,
        "bpe3000": 1.9241562812455806,
        "bpe6000": 1.880157897750587
      }
    },
    "12": {
      "vopt": "bpe3000",
      "V": 3001,
      "row": {
        "char": 1.8738128949046107,
        "bpe500": 1.7370594393703298,
        "bpe1500": 1.729071903799682,
        "bpe3000": 1.7182977351312274,
        "bpe6000": 1.7346191225871754
      }
    },
    "32": {
      "vopt": "bpe6000",
      "V": 6001,
      "row": {
        "char": 1.7996117827755558,
        "bpe500": 1.6757104863142216,
        "bpe1500": 1.6703238777124412,
        "bpe3000": 1.6424317623175326,
        "bpe6000": 1.6415419989361562
      }
    },
    "exponent": 0.6657128747382944
  },
  "2": {
    "4": {
      "vopt": "bpe1500",
      "V": 1501,
      "row": {
        "char": 2.008126300404039,
        "bpe500": 1.859221546765899,
        "bpe1500": 1.856437624356821,
        "bpe3000": 1.912177443432892,
        "bpe6000": 1.8759271194028135
      }
    },
    "12": {
      "vopt": "bpe3000",
      "V": 3001,
      "row": {
        "char": 1.8742825221965667,
        "bpe500": 1.7397384329535657,
        "bpe1500": 1.729071903799682,
        "bpe3000": 1.7160794318325812,
        "bpe6000": 1.734196044752398
      }
    },
    "32": {
      "vopt": "bpe6000",
      "V": 6001,
      "row": {
        "char": 1.7972636463157758,
        "bpe500": 1.674638888880927,
        "bpe1500": 1.6581042882862949,
        "bpe3000": 1.6428754229772617,
        "bpe6000": 1.6288496638928354
      }
    },
    "exponent": 0.6657128747382944
  }
}