{
  "frozen": 1.9800206717786066,
  "abrupt": 2.060114569484649,
  "oracle": 2.001219458008076,
  "gradual": 2.1129380199842553
}