{
  "char": 1.9146704693047865,
  "bpe500": 1.796265197559849,
  "bpe1500": 1.7833115450313275,
  "bpe3000": 1.7716553879671635,
  "bpe6000": 1.7965068905003412
}