{
  "baseline": {
    "greedy": {
      "gamma": 0.2610328703682421,
      "distinct1": 0.0040740966796875,
      "distinct2": 0.012558175020981156,
      "entropy": 3.2036756694393587,
      "rep4": 0.963545084156074
    },
    "T0.8": {
      "gamma": 0.12788196418961167,
      "distinct1": 0.0187530517578125,
      "distinct2": 0.10426489662012665,
      "entropy": 4.089594898698775,
      "rep4": 0.6537927456396014
    }
  },
  "post_overfit": {
    "greedy": {
      "gamma": 0.21889288253707656,
      "distinct1": 0.011993408203125,
      "distinct2": 0.04728770885786221,
      "entropy": 3.842372196772532,
      "rep4": 0.812918682190652
    },
    "T0.8": {
      "gamma": 0.1477482558113131,
      "distinct1": 0.017913818359375,
      "distinct2": 0.08824292362859541,
      "entropy": 4.153499436288676,
      "rep4": 0.654372606167885
    }
  }
}