{
  "t1_static_500": 1.8137948200400587,
  "t1_static_1500": 1.8013316424516115,
  "t1_static_full": 1.7731192055519152,
  "t1_curriculum": 1.8568886168378322,
  "t2_frozen": 1.8468350702754668,
  "t2_oracle": 1.809286239613428,
  "t2_dynamic": 1.9084860579883054
}