{
  "v0_no_H": [
    [
      0,
      0.047159059928196516,
      0.15811430955360872
    ],
    [
      25,
      0.037035353332982676,
      0.18690029203170633
    ],
    [
      50,
      0.030911761812160893,
      0.14184397163120566
    ],
    [
      75,
      0.05405504906689498,
      0.18606591572799336
    ],
    [
      100,
      0.045101648813873074,
      0.20859407592824364
    ]
  ],
  "v1_with_H": [
    [
      0,
      0.047159059928196516,
      0.15811430955360872
    ],
    [
      25,
      0.023031486292977042,
      0.15143929912390486
    ],
    [
      50,
      0.04527209486055152,
      0.1652065081351689
    ],
    [
      75,
      0.04996797528218112,
      0.18272841051314148
    ],
    [
      100,
      0.013275795644139212,
      0.14685022945348347
    ]
  ]
}