{
  "baseline": {
    "greedy": {
      "gamma": 0.14202408932388205,
      "distinct1": 0.054375,
      "distinct2": 0.13002708897687018,
      "entropy": 4.741012790896008,
      "rep4": 0.6777152386908485
    },
    "T0.8": {
      "gamma": 0.0600896689991022,
      "distinct1": 0.16229166666666667,
      "distinct2": 0.3502813086059596,
      "entropy": 5.8531128615572605,
      "rep4": 0.2787158640817178
    }
  },
  "light": {
    "greedy": {
      "gamma": 0.15292007782840245,
      "distinct1": 0.0575,
      "distinct2": 0.13231923317357783,
      "entropy": 4.773043346784612,
      "rep4": 0.6752136752136753
    },
    "T0.8": {
      "gamma": 0.08041679827699988,
      "distinct1": 0.14770833333333333,
      "distinct2": 0.3223588247551573,
      "entropy": 5.749981867804724,
      "rep4": 0.3135292891390452
    }
  },
  "heavy": {
    "greedy": {
      "gamma": 0.20479308156074993,
      "distinct1": 0.057291666666666664,
      "distinct2": 0.1373202750573036,
      "entropy": 4.897954515966786,
      "rep4": 0.6422764227642277
    },
    "T0.8": {
      "gamma": 0.08397681246557474,
      "distinct1": 0.19375,
      "distinct2": 0.4503021462804751,
      "entropy": 6.827319901101124,
      "rep4": 0.2222222222222222
    }
  }
}