{
  "byte": 5.943868337962341,
  "char": 4.773291795441219,
  "bpe8000": 4.874463039394558,
  "bpe12000": 4.884877392781481
}