{
  "target_0.08": [
    [
      0,
      0.023562117259059445,
      -0.0031852346082801557
    ],
    [
      10,
      0.010900706437950988,
      -0.004774712370774228
    ],
    [
      20,
      0.00698695771369272,
      -0.005330904343902095
    ],
    [
      30,
      0.01734252086433379,
      -0.0039259596916364475
    ],
    [
      40,
      0.014739688521407475,
      -0.0042589082542829155
    ],
    [
      50,
      0.01774339096380062,
      -0.0038758853686861826
    ],
    [
      60,
      0.02680586099566475,
      -0.002829616424412541
    ],
    [
      70,
      0.027657892554758895,
      -0.0027396962118091646
    ],
    [
      80,
      0.032624406117568,
      -0.0022444468957131284
    ],
    [
      90,
      0.02180246054570175,
      -0.0033869535985346015
    ],
    [
      100,
      0.03104173160617468,
      -0.0023969120441218353
    ],
    [
      110,
      0.04265874507246927,
      -0.0013943693195628381
    ],
    [
      119,
      0.04441778375410544,
      -0.0012660941129696028
    ]
  ],
  "target_0.25": [
    [
      0,
      0.023562117259059445,
      -0.05127411474019995
    ],
    [
      10,
      0.00964981818585355,
      -0.05776820989809325
    ],
    [
      20,
      0.016073049405802238,
      -0.05472181821430024
    ],
    [
      30,
      0.00572224971388652,
      -0.05967161928484482
    ],
    [
      40,
      0.014462007050611476,
      -0.05547814612262619
    ],
    [
      50,
      0.01024375033146878,
      -0.05748305925511907
    ],
    [
      60,
      0.03054779815343709,
      -0.04815926889530459
    ],
    [
      70,
      0.0192457057864008,
      -0.0532475442980163
    ],
    [
      80,
      0.016960038915001568,
      -0.05430762346249759
    ],
    [
      90,
      0.02927395382141116,
      -0.04871998746163254
    ],
    [
      100,
      0.03023167240642053,
      -0.04829811781327887
    ],
    [
      110,
      0.041874584756417914,
      -0.04331618847031347
    ],
    [
      119,
      0.04619894223314883,
      -0.041534871146887406
    ]
  ]
}