{
  "control": [
    [
      0,
      0.047159059928196516,
      0.15811430955360872
    ],
    [
      25,
      0.032031518766170226,
      0.1493533583646225
    ],
    [
      50,
      0.044083475452043705,
      0.16770963704630792
    ],
    [
      75,
      0.04248620503222835,
      0.1447642886942011
    ],
    [
      100,
      0.02815835634758763,
      0.14309553608677517
    ]
  ],
  "low_gamma": [
    [
      0,
      0.047159059928196516,
      0.15811430955360872
    ],
    [
      25,
      0.05380839263115027,
      0.19691280767626196
    ],
    [
      50,
      0.05758906792846378,
      0.20108468919482692
    ],
    [
      75,
      0.042973374234835236,
      0.2115143929912391
    ],
    [
      100,
      0.043316023881611335,
      0.12724238631622864
    ]
  ],
  "high_gamma": [
    [
      0,
      0.047159059928196516,
      0.15811430955360872
    ],
    [
      25,
      0.05974241262237193,
      0.2248644138506466
    ],
    [
      50,
      0.058044633611516044,
      0.19649561952440553
    ],
    [
      75,
      0.06467134778258751,
      0.23529411764705888
    ],
    [
      100,
      0.07249506087875177,
      0.2574050896954526
    ]
  ]
}