{
  "tag": "N100M_bpe6000",
  "V": 16001,
  "H": 640,
  "params": 108677474,
  "cpt": 2.2938989170503215,
  "final_bpc": 1.6808238751500877
}