{
  "tag": "N100M_bpe15846",
  "V": 16001,
  "H": 640,
  "params": 108677474,
  "cpt": 2.4008912108174556,
  "final_bpc": 1.7807915855179857
}