{
  "tag": "N100M_bpe10000",
  "V": 16001,
  "H": 640,
  "params": 108677474,
  "cpt": 2.358974600920472,
  "final_bpc": 1.9350684301694303
}