{
  "tag": "N150M_bpe15846",
  "V": 16001,
  "H": 768,
  "params": 151179586,
  "cpt": 2.4008912108174556,
  "final_bpc": 1.6352611659633525
}