{
  "tag": "N150M_bpe6000",
  "V": 16001,
  "H": 768,
  "params": 151179586,
  "cpt": 2.2938989170503215,
  "final_bpc": 2.0190359387003856
}