{
  "tag": "N150M_bpe10000",
  "V": 16001,
  "H": 768,
  "params": 151179586,
  "cpt": 2.358974600920472,
  "final_bpc": 1.6671052504360915
}