{
  "tag": "N50M_bpe6000",
  "V": 16001,
  "H": 384,
  "params": 44439970,
  "cpt": 2.2938989170503215,
  "final_bpc": 1.7401952422382152
}