{
  "tag": "N50M_bpe1500",
  "V": 16001,
  "H": 384,
  "params": 44439970,
  "cpt": 2.0333634271120546,
  "final_bpc": 1.7890225401851094
}