{
  "tag": "N50M_bpe10000",
  "V": 16001,
  "H": 384,
  "params": 44439970,
  "cpt": 2.358974600920472,
  "final_bpc": 1.9844405464947406
}