{
  "tag": "N50M_bpe15846",
  "V": 16001,
  "H": 384,
  "params": 44439970,
  "cpt": 2.4008912108174556,
  "final_bpc": 1.6982461056093092
}