{
  "N50M": {
    "bpe1500": {
      "V": 16001,
      "bpc": 1.7890225401851094
    },
    "bpe6000": {
      "V": 16001,
      "bpc": 1.7401952422382152
    },
    "bpe10000": {
      "V": 16001,
      "bpc": 1.7168755289898316
    },
    "bpe15846": {
      "V": 16001,
      "bpc": 1.6982461056093092
    }
  },
  "N100M": {
    "bpe6000": {
      "V": 16001,
      "bpc": 1.6808238751500877
    },
    "bpe10000": {
      "V": 16001,
      "bpc": 1.6830317395732883
    },
    "bpe15846": {
      "V": 16001,
      "bpc": 1.7807915855179857
    }
  },
  "N150M": {
    "bpe6000": {
      "V": 16001,
      "bpc": 2.0190359387003856
    },
    "bpe10000": {
      "V": 16001,
      "bpc": 1.6671052504360915
    },
    "bpe15846": {
      "V": 16001,
      "bpc": 1.6352611659633525
    }
  }
}