{
  "N50M": {
    "bpe1500": {
      "V": 16001,
      "bpc": 2.1451641302916724
    },
    "bpe6000": {
      "V": 16001,
      "bpc": 2.019445396404442
    },
    "bpe10000": {
      "V": 16001,
      "bpc": 1.9844405464947406
    },
    "bpe15846": {
      "V": 16001,
      "bpc": 1.973267301703146
    }
  },
  "N100M": {
    "bpe6000": {
      "V": 16001,
      "bpc": 2.001429257425975
    },
    "bpe10000": {
      "V": 16001,
      "bpc": 1.9350684301694303
    },
    "bpe15846": {
      "V": 16001,
      "bpc": 1.9278868482936369
    }
  },
  "N150M": {
    "bpe6000": {
      "V": 16001,
      "bpc": 2.0734938133398404
    },
    "bpe10000": {
      "V": 16001,
      "bpc": 1.9748846530124224
    },
    "bpe15846": {
      "V": 16001,
      "bpc": 1.9544891830509352
    }
  }
}