{
  "human": {
    "gamma": 0.4692113595601423,
    "distinct1": 0.0028058675406690916,
    "distinct2": 0.042221995727238754,
    "entropy": 6.625209852066582,
    "rep4": 0.5867895606712539
  },
  "shuffled": {
    "gamma": 0.0007182794389562112,
    "distinct1": 0.0028058675406690916,
    "distinct2": 0.22711184921829253,
    "entropy": 6.625209852066582,
    "rep4": 0.17455438599296136
  },
  "uniform": {
    "gamma": 0.00014179789611612367,
    "distinct1": 0.0029997202126383947,
    "distinct2": 0.8966183632806333,
    "entropy": 10.549400168158709,
    "rep4": 0.0
  },
  "greedy": {
    "T": 0.0,
    "gamma": 0.19532711733376001,
    "n": 131072,
    "distinct1": 0.00197601318359375,
    "distinct2": 0.00624852179353175,
    "entropy": 1.9059156648126618,
    "rep4": 0.9819865872174198
  },
  "T0.5": {
    "T": 0.5,
    "gamma": 0.17905484423627413,
    "n": 131072,
    "distinct1": 0.00614166259765625,
    "distinct2": 0.029876936927314204,
    "entropy": 2.2561073352308827,
    "rep4": 0.897168666885381
  },
  "T0.8": {
    "T": 0.8,
    "gamma": 0.10112329395533858,
    "n": 131072,
    "distinct1": 0.00942230224609375,
    "distinct2": 0.051048668279024344,
    "entropy": 2.363411932250295,
    "rep4": 0.8267858914007126
  },
  "T1.0": {
    "T": 1.0,
    "gamma": 0.07879372608080161,
    "n": 131072,
    "distinct1": 0.01018524169921875,
    "distinct2": 0.06897025276376925,
    "entropy": 2.5699431583926486,
    "rep4": 0.7819850613035881
  },
  "T1.5": {
    "T": 1.5,
    "gamma": 0.0986435054784977,
    "n": 131072,
    "distinct1": 0.0112152099609375,
    "distinct2": 0.2076508152070252,
    "entropy": 4.576493521173092,
    "rep4": 0.5334823642508908
  },
  "T2.0": {
    "T": 2.0,
    "gamma": 0.03762774157249895,
    "n": 131072,
    "distinct1": 0.011444091796875,
    "distinct2": 0.5334665944411807,
    "entropy": 8.011279278404306,
    "rep4": 0.11754877202084402
  }
}