{
  "lang": "en",
  "vocab": 1502,
  "gamma_power_law": 0.18337798033347724,
  "r2_power_law": 0.7767479403748087,
  "decay_exp_rate": 0.02425406519112461,
  "r2_exponential": 0.49455300942884084,
  "gamma_shuffled": -0.0021959653930553463,
  "lags": [
    1.0,
    2.0,
    3.0,
    4.0,
    5.0,
    6.0,
    7.0,
    8.0,
    9.0,
    10.0,
    11.0,
    12.0,
    13.0,
    14.0,
    15.0,
    16.0
  ],
  "mi": [
    2.208007793419594,
    2.072141001816296,
    1.426083380627822,
    1.5363803317920341,
    1.3363813119376802,
    1.383823678261245,
    1.3306592879346546,
    1.329261484593997,
    1.3118814490997752,
    1.3271554034812605,
    1.313328627294993,
    1.3178815267766417,
    1.3094981782954525,
    1.3182102946115088,
    1.3066919454654122,
    1.31136717694753
  ],
  "mi_shuffled": [
    1.3056488161860456,
    1.3019007044761093,
    1.3013861540232416,
    1.3043511195145174,
    1.3108836672948154,
    1.3010569301092445,
    1.3034534412447827,
    1.3044448406564164,
    1.3093146826656241,
    1.3050177605032727,
    1.3098372983829785,
    1.30786669539161,
    1.307118031408356,
    1.3134548192001314,
    1.3054346247076096,
    1.3160255198323472
  ],
  "alpha": 1.000508233276611
}