{
  "lang": "cn",
  "vocab": 3240,
  "gamma_power_law": 0.15951191716750948,
  "r2_power_law": 0.8258405277189258,
  "decay_exp_rate": 0.020989433093692236,
  "r2_exponential": 0.5204384416746909,
  "gamma_shuffled": 0.000423238213970858,
  "lags": [
    1.0,
    2.0,
    3.0,
    4.0,
    5.0,
    6.0,
    7.0,
    8.0,
    9.0,
    10.0,
    11.0,
    12.0,
    13.0,
    14.0,
    15.0,
    16.0
  ],
  "mi": [
    4.437843399499963,
    3.2517505101930197,
    3.061909137410514,
    2.8317154211543465,
    2.774084017109693,
    2.7239405076856515,
    2.675588462617407,
    2.664835897907979,
    2.638677867915104,
    2.6282443843764844,
    2.6210666899962507,
    2.6123699265499116,
    2.5976465214202737,
    2.5938123168280347,
    2.5957466288511752,
    2.5920470725513023
  ],
  "mi_shuffled": [
    2.3786447119436698,
    2.3821817791834192,
    2.3815863854461234,
    2.3817774105595344,
    2.3772150598203154,
    2.3801635650885444,
    2.3812047388313595,
    2.3779039862641014,
    2.3767154298472373,
    2.380784148443224,
    2.3791224995300793,
    2.3797650487343462,
    2.383091634152967,
    2.3741851183219063,
    2.3777568580402324,
    2.3771052898320426
  ],
  "alpha": 1.0014471665707587
}