{
  "lang": "en",
  "vocabs": [
    201.0,
    401.0,
    701.0,
    1001.0,
    1501.0,
    2001.0,
    3001.0,
    4001.0,
    6001.0,
    6942.0
  ],
  "uni_bpc": [
    3.9774916815011334,
    3.783669978458424,
    3.6507908311896764,
    3.557102531462932,
    3.4868952732944476,
    3.432727150632138,
    3.360244017933971,
    3.3116867866801902,
    3.239494665610832,
    3.2142394815818243
  ],
  "vocab_cost_per_char": [
    0.013048624723622648,
    0.026032330916281994,
    0.045507890205271025,
    0.06498344949426005,
    0.09744271497590842,
    0.12990198045755677,
    0.19482051142085355,
    0.2597390423841503,
    0.38957610431074374,
    0.450664441947206
  ],
  "betas": [
    0.02,
    0.05,
    0.1,
    0.2
  ],
  "curves": {
    "0.02": [
      3.977752653995606,
      3.7841906250767496,
      3.651700988993782,
      3.558402200452817,
      3.488844127593966,
      3.435325190241289,
      3.364140428162388,
      3.316881567527873,
      3.2472861876970467,
      3.2232527704207685
    ],
    "0.05": [
      3.9781441127373145,
      3.784971595004238,
      3.65306622569994,
      3.560351703937645,
      3.491767409043243,
      3.439222249655016,
      3.3699850435050136,
      3.324673738799398,
      3.258973470826369,
      3.2367727036791845
    ],
    "0.1": [
      3.9787965439734956,
      3.786273211550052,
      3.6553416202102036,
      3.563600876412358,
      3.4966395447920386,
      3.445717348677894,
      3.379726069076056,
      3.337660690918605,
      3.2784522760419064,
      3.2593059257765447
    ],
    "0.2": [
      3.9801014064458577,
      3.78887644464168,
      3.659892409230731,
      3.570099221361784,
      3.5063838162896293,
      3.4587075467236494,
      3.399208120218142,
      3.3636345951570203,
      3.317409886472981,
      3.3043723699712655
    ]
  },
  "optima": {
    "0.02": {
      "vocab": 6942,
      "total": 3.2232527704207685,
      "bpc": 3.2142394815818243
    },
    "0.05": {
      "vocab": 6942,
      "total": 3.2367727036791845,
      "bpc": 3.2142394815818243
    },
    "0.1": {
      "vocab": 6942,
      "total": 3.2593059257765447,
      "bpc": 3.2142394815818243
    },
    "0.2": {
      "vocab": 6942,
      "total": 3.3043723699712655,
      "bpc": 3.2142394815818243
    }
  },
  "knee_v": 2001,
  "marginal_gain": [
    -0.19382170304270963,
    -0.1328791472687474,
    -0.09368829972674453,
    -0.07020725816848428,
    -0.054168122662309415,
    -0.0724831326981672,
    -0.04855723125378075,
    -0.07219212106935835,
    -0.025255184029007616
  ],
  "v_star": 1501,
  "alpha_at_v_star": 0.9997809450567408
}