{
  "lang": "cn",
  "vocabs": [
    3240.0,
    3601.0,
    4001.0,
    4501.0,
    5001.0,
    5601.0,
    6201.0,
    6801.0
  ],
  "uni_bpc": [
    9.17656701782281,
    8.259514924451269,
    7.913490207690727,
    7.661990205967433,
    7.4952857557432075,
    7.350304333824822,
    7.251386658326843,
    7.16108420911266
  ],
  "vocab_cost_per_char": [
    0.31485598432547,
    0.34993716035679556,
    0.38880826953277947,
    0.43739715600275947,
    0.48598604247273935,
    0.5442927062367153,
    0.6025993700006912,
    0.6609060337646672
  ],
  "betas": [
    0.02,
    0.05,
    0.1,
    0.2
  ],
  "curves": {
    "0.02": [
      9.18286413750932,
      8.266513667658405,
      7.921266373081383,
      7.670738149087488,
      7.505005476592662,
      7.361190187949557,
      7.263438645726857,
      7.174302329787953
    ],
    "0.05": [
      9.192309817039083,
      8.277011782469108,
      7.932930621167366,
      7.683860063767571,
      7.519585057866845,
      7.377518969136658,
      7.281516626826877,
      7.194129510800893
    ],
    "0.1": [
      9.208052616255356,
      8.294508640486947,
      7.952371034644005,
      7.705729921567709,
      7.543884359990481,
      7.404733604448494,
      7.311646595326912,
      7.227174812489127
    ],
    "0.2": [
      9.239538214687904,
      8.329502356522628,
      7.991251861597283,
      7.7494696371679845,
      7.592482964237756,
      7.459162875072165,
      7.371906532326981,
      7.293265415865593
    ]
  },
  "optima": {
    "0.02": {
      "vocab": 6801,
      "total": 7.174302329787953,
      "bpc": 7.16108420911266
    },
    "0.05": {
      "vocab": 6801,
      "total": 7.194129510800893,
      "bpc": 7.16108420911266
    },
    "0.1": {
      "vocab": 6801,
      "total": 7.227174812489127,
      "bpc": 7.16108420911266
    },
    "0.2": {
      "vocab": 6801,
      "total": 7.293265415865593,
      "bpc": 7.16108420911266
    }
  },
  "knee_v": 4501,
  "marginal_gain": [
    -0.9170520933715416,
    -0.3460247167605415,
    -0.25150000172329445,
    -0.1667044502242252,
    -0.14498142191838514,
    -0.09891767549797947,
    -0.09030244921418262
  ],
  "v_star": 3240,
  "alpha_at_v_star": 1.0014471665707587
}