{
  "distinct_chars": 12081,
  "char_vocab": 12082,
  "char_alpha": 1.0566215397932015,
  "byte_alpha": 0.7462465711900547
}