{
  "en": {
    "v_star": 1501,
    "alpha_at_v_star": 0.9997809450567408,
    "gamma_at_v_star": 0.1834409485030843,
    "gamma_shuffled": -0.0021959653930553463,
    "r2_power_law": 0.7767479403748087,
    "r2_exponential": 0.49455300942884084,
    "mdl_optima": {
      "0.02": {
        "vocab": 6942,
        "total": 3.2232527704207685,
        "bpc": 3.2142394815818243
      },
      "0.05": {
        "vocab": 6942,
        "total": 3.2367727036791845,
        "bpc": 3.2142394815818243
      },
      "0.1": {
        "vocab": 6942,
        "total": 3.2593059257765447,
        "bpc": 3.2142394815818243
      },
      "0.2": {
        "vocab": 6942,
        "total": 3.3043723699712655,
        "bpc": 3.2142394815818243
      }
    }
  },
  "cn": {
    "v_star": 3240,
    "alpha_at_v_star": 1.0014471665707587,
    "gamma_at_v_star": 0.15951191716750948,
    "gamma_shuffled": 0.000423238213970858,
    "r2_power_law": 0.8258405277189258,
    "r2_exponential": 0.5204384416746909,
    "mdl_optima": {
      "0.02": {
        "vocab": 6801,
        "total": 7.174302329787953,
        "bpc": 7.16108420911266
      },
      "0.05": {
        "vocab": 6801,
        "total": 7.194129510800893,
        "bpc": 7.16108420911266
      },
      "0.1": {
        "vocab": 6801,
        "total": 7.227174812489127,
        "bpc": 7.16108420911266
      },
      "0.2": {
        "vocab": 6801,
        "total": 7.293265415865593,
        "bpc": 7.16108420911266
      }
    }
  }
}