{
  "lang": "cn",
  "base_vocab": 3239,
  "bpe_cap": 7001,
  "vocabs": [
    3240,
    3601,
    4001,
    4501,
    5001,
    5601,
    6201,
    6801
  ],
  "alpha": [
    1.0014471665707587,
    0.844581558493856,
    0.8216254812856559,
    0.8236764214298983,
    0.8292510483170482,
    0.8351168294116968,
    0.8393266324315182,
    0.847912670149575
  ],
  "gamma": [
    0.15951191716750948,
    0.09411351510530841,
    0.07440284624659198,
    0.062074350866293586,
    0.0541676616119744,
    0.04864034510546447,
    0.04447661477884053,
    0.041473689587580784
  ],
  "cpt": [
    1.000566987959844,
    1.1736974403614988,
    1.2541281718991681,
    1.3190291945128385,
    1.3662757599908915,
    1.409377055341539,
    1.4427932477276006,
    1.472193937014636
  ],
  "uni_bpc": [
    9.17656701782281,
    8.259514924451269,
    7.913490207690727,
    7.661990205967433,
    7.4952857557432075,
    7.350304333824822,
    7.251386658326843,
    7.16108420911266
  ],
  "tri_bpc": [
    8.593049585000108,
    8.130830118946822,
    7.903041505008197,
    7.727326297778799,
    7.60889022596867,
    7.508310906027072,
    7.439672384548678,
    7.375912428981693
  ],
  "v_star": 3240,
  "alpha_at_v_star": 1.0014471665707587,
  "rows": [
    {
      "vocab": 3240,
      "alpha": 1.0014471665707587,
      "alpha_r2": 0.9415337756382812,
      "n_types": 2456,
      "gamma": 0.15951191716750948,
      "higuchi_D": 0.9889511499961354,
      "cpt": 1.000566987959844,
      "uni_bpc": 9.17656701782281,
      "tri_bpt": 8.597921740653145,
      "tri_bpc": 8.593049585000108
    },
    {
      "vocab": 3601,
      "alpha": 0.844581558493856,
      "alpha_r2": 0.9445899042127206,
      "n_types": 2808,
      "gamma": 0.09411351510530841,
      "higuchi_D": 0.9965007922704974,
      "cpt": 1.1736974403614988,
      "uni_bpc": 8.259514924451269,
      "tri_bpt": 9.543134498622067,
      "tri_bpc": 8.130830118946822
    },
    {
      "vocab": 4001,
      "alpha": 0.8216254812856559,
      "alpha_r2": 0.9625900997847301,
      "n_types": 3190,
      "gamma": 0.07440284624659198,
      "higuchi_D": 0.9989851861466701,
      "cpt": 1.2541281718991681,
      "uni_bpc": 7.913490207690727,
      "tri_bpt": 9.91142699511918,
      "tri_bpc": 7.903041505008197
    },
    {
      "vocab": 4501,
      "alpha": 0.8236764214298983,
      "alpha_r2": 0.967664885317514,
      "n_types": 3657,
      "gamma": 0.062074350866293586,
      "higuchi_D": 1.000647119015045,
      "cpt": 1.3190291945128385,
      "uni_bpc": 7.661990205967433,
      "tri_bpt": 10.192568982297043,
      "tri_bpc": 7.727326297778799
    },
    {
      "vocab": 5001,
      "alpha": 0.8292510483170482,
      "alpha_r2": 0.9666405442947863,
      "n_types": 4100,
      "gamma": 0.0541676616119744,
      "higuchi_D": 1.0014961143643648,
      "cpt": 1.3662757599908915,
      "uni_bpc": 7.4952857557432075,
      "tri_bpt": 10.39584227617261,
      "tri_bpc": 7.60889022596867
    },
    {
      "vocab": 5601,
      "alpha": 0.8351168294116968,
      "alpha_r2": 0.9690240507580289,
      "n_types": 4606,
      "gamma": 0.04864034510546447,
      "higuchi_D": 1.0020672173875504,
      "cpt": 1.409377055341539,
      "uni_bpc": 7.350304333824822,
      "tri_bpt": 10.582041115325197,
      "tri_bpc": 7.508310906027072
    },
    {
      "vocab": 6201,
      "alpha": 0.8393266324315182,
      "alpha_r2": 0.9704190857034403,
      "n_types": 5081,
      "gamma": 0.04447661477884053,
      "higuchi_D": 1.00245867078919,
      "cpt": 1.4427932477276006,
      "uni_bpc": 7.251386658326843,
      "tri_bpt": 10.73390908173233,
      "tri_bpc": 7.439672384548678
    },
    {
      "vocab": 6801,
      "alpha": 0.847912670149575,
      "alpha_r2": 0.970533601766212,
      "n_types": 5514,
      "gamma": 0.041473689587580784,
      "higuchi_D": 1.0026920979272695,
      "cpt": 1.472193937014636,
      "uni_bpc": 7.16108420911266,
      "tri_bpt": 10.858773557897745,
      "tri_bpc": 7.375912428981693
    }
  ]
}