{
  "lang": "en",
  "base_vocab": 90,
  "bpe_cap": 6942,
  "vocabs": [
    201,
    401,
    701,
    1001,
    1501,
    2001,
    3001,
    4001,
    6001,
    6942
  ],
  "alpha": [
    0.9245833399087972,
    0.9406640548395486,
    0.9588455045946777,
    0.9636288389136808,
    0.9997809450567408,
    1.0233435060616853,
    1.047911720660051,
    1.0659123997115272,
    1.0700353334093073,
    1.0748463013977914
  ],
  "gamma": [
    0.6234177441441995,
    0.3638498224980166,
    0.2603290804526294,
    0.21732483243843245,
    0.1834409485030843,
    0.16644588308474942,
    0.14626325116817923,
    0.1355249707572838,
    0.12068995428749262,
    0.11840494149412961
  ],
  "cpt": [
    1.460237726701907,
    1.6446827406993192,
    1.7650069717775385,
    1.8424349620458398,
    1.912631015224543,
    1.9599004370577975,
    2.0287679292365746,
    2.070779234225839,
    2.1352465142100656,
    2.149520656893513
  ],
  "uni_bpc": [
    3.9774916815011334,
    3.783669978458424,
    3.6507908311896764,
    3.557102531462932,
    3.4868952732944476,
    3.432727150632138,
    3.360244017933971,
    3.3116867866801902,
    3.239494665610832,
    3.2142394815818243
  ],
  "tri_bpc": [
    3.0556084209635714,
    3.153863144435584,
    3.260785647175466,
    3.324367641793304,
    3.3947639268500196,
    3.4259581011221614,
    3.44869161038879,
    3.464983255955265,
    3.466570790694156,
    3.4735431567560364
  ],
  "v_star": 1501,
  "alpha_at_v_star": 0.9997809450567408,
  "rows": [
    {
      "vocab": 201,
      "alpha": 0.9245833399087972,
      "alpha_r2": 0.9260831106752354,
      "n_types": 179,
      "gamma": 0.6234177441441995,
      "higuchi_D": 1.0107464656145528,
      "cpt": 1.460237726701907,
      "uni_bpc": 3.9774916815011334,
      "tri_bpt": 4.4619146943190495,
      "tri_bpc": 3.0556084209635714
    },
    {
      "vocab": 401,
      "alpha": 0.9406640548395486,
      "alpha_r2": 0.9647872297206029,
      "n_types": 361,
      "gamma": 0.3638498224980166,
      "higuchi_D": 1.0095410184543783,
      "cpt": 1.6446827406993192,
      "uni_bpc": 3.783669978458424,
      "tri_bpt": 5.187104280180889,
      "tri_bpc": 3.153863144435584
    },
    {
      "vocab": 701,
      "alpha": 0.9588455045946777,
      "alpha_r2": 0.9796101776838849,
      "n_types": 622,
      "gamma": 0.2603290804526294,
      "higuchi_D": 1.0090568963966193,
      "cpt": 1.7650069717775385,
      "uni_bpc": 3.6507908311896764,
      "tri_bpt": 5.75530940073683,
      "tri_bpc": 3.260785647175466
    },
    {
      "vocab": 1001,
      "alpha": 0.9636288389136808,
      "alpha_r2": 0.9827784460785244,
      "n_types": 851,
      "gamma": 0.21732483243843245,
      "higuchi_D": 1.00951486665471,
      "cpt": 1.8424349620458398,
      "uni_bpc": 3.557102531462932,
      "tri_bpt": 6.1249311699338636,
      "tri_bpc": 3.324367641793304
    },
    {
      "vocab": 1501,
      "alpha": 0.9997809450567408,
      "alpha_r2": 0.9798370848307166,
      "n_types": 1194,
      "gamma": 0.1834409485030843,
      "higuchi_D": 1.0088732261717228,
      "cpt": 1.912631015224543,
      "uni_bpc": 3.4868952732944476,
      "tri_bpt": 6.492930775858809,
      "tri_bpc": 3.3947639268500196
    },
    {
      "vocab": 2001,
      "alpha": 1.0233435060616853,
      "alpha_r2": 0.9813081701674532,
      "n_types": 1492,
      "gamma": 0.16644588308474942,
      "higuchi_D": 1.0085374870709822,
      "cpt": 1.9599004370577975,
      "uni_bpc": 3.432727150632138,
      "tri_bpt": 6.714536779731026,
      "tri_bpc": 3.4259581011221614
    },
    {
      "vocab": 3001,
      "alpha": 1.047911720660051,
      "alpha_r2": 0.9829751878199607,
      "n_types": 1933,
      "gamma": 0.14626325116817923,
      "higuchi_D": 1.0076783748091376,
      "cpt": 2.0287679292365746,
      "uni_bpc": 3.360244017933971,
      "tri_bpt": 6.996594936984013,
      "tri_bpc": 3.44869161038879
    },
    {
      "vocab": 4001,
      "alpha": 1.0659123997115272,
      "alpha_r2": 0.9834377723500655,
      "n_types": 2239,
      "gamma": 0.1355249707572838,
      "higuchi_D": 1.0074808088364744,
      "cpt": 2.070779234225839,
      "uni_bpc": 3.3116867866801902,
      "tri_bpt": 7.1752153733723985,
      "tri_bpc": 3.464983255955265
    },
    {
      "vocab": 6001,
      "alpha": 1.0700353334093073,
      "alpha_r2": 0.986542224280774,
      "n_types": 2744,
      "gamma": 0.12068995428749262,
      "higuchi_D": 1.0067764393604017,
      "cpt": 2.1352465142100656,
      "uni_bpc": 3.239494665610832,
      "tri_bpt": 7.401983197092127,
      "tri_bpc": 3.466570790694156
    },
    {
      "vocab": 6942,
      "alpha": 1.0748463013977914,
      "alpha_r2": 0.9869044773720743,
      "n_types": 2824,
      "gamma": 0.11840494149412961,
      "higuchi_D": 1.0068936988558765,
      "cpt": 2.149520656893513,
      "uni_bpc": 3.2142394815818243,
      "tri_bpt": 7.466452768058201,
      "tri_bpc": 3.4735431567560364
    }
  ]
}