{
  "lang": "en",
  "rows": [
    {
      "name": "char",
      "vocab": 91,
      "alpha": 0.908239260459536,
      "gamma": 1.2274434405586074,
      "higuchi_D": 1.0074010896462584,
      "cpt": 1.0,
      "uni_bpc": 4.415888867198102,
      "tri_bpc": 3.2584618907968443
    },
    {
      "name": "word",
      "vocab": 7216,
      "alpha": 1.296561246128735,
      "gamma": 0.35048238062800724,
      "higuchi_D": 0.9992423558471607,
      "cpt": 1.6802486768041671,
      "uni_bpc": 3.025558166669925,
      "tri_bpc": 3.2267619072909848
    },
    {
      "name": "bpe(V*)",
      "vocab": 1502,
      "alpha": 1.000508233276611,
      "gamma": 0.18337798033347724,
      "higuchi_D": 1.0088716585407094,
      "cpt": 1.912740766243951,
      "uni_bpc": 3.4869447073510123,
      "tri_bpc": 3.3950939922619834
    }
  ]
}