{
  "lang": "cn",
  "rows": [
    {
      "name": "char",
      "vocab": 3240,
      "alpha": 1.0015345894938072,
      "gamma": 0.15949321014083498,
      "higuchi_D": 0.9889405588866728,
      "cpt": 1.0,
      "uni_bpc": 9.179432774012414,
      "tri_bpc": 8.596782890149244
    },
    {
      "name": "word",
      "vocab": 26038,
      "alpha": 1.1475178022779033,
      "gamma": 0.32223448538648175,
      "higuchi_D": 0.9842093896820095,
      "cpt": 1.0443228001775349,
      "uni_bpc": 3.544558608287434,
      "tri_bpc": 4.244151917401802
    },
    {
      "name": "bpe(V*)",
      "vocab": 3241,
      "alpha": 0.9990001241960691,
      "gamma": 0.15728892387987195,
      "higuchi_D": 0.9892717083508786,
      "cpt": 1.0047642571861577,
      "uni_bpc": 9.149437076285103,
      "tri_bpc": 8.584574025506733
    }
  ]
}