{
  "human": {
    "gamma": 0.14655312926532796,
    "distinct1": 0.02612,
    "distinct2": 0.35159450531501774,
    "entropy": 9.648074771170975,
    "rep4": 0.17925179251792522
  },
  "shuffled_gamma": 0.0004938485336482269,
  "baseline": {
    "greedy": {
      "gamma": 0.11797348432851142,
      "distinct1": 0.019877115885416668,
      "distinct2": 0.10408634527939127,
      "entropy": 6.64001659772525,
      "rep4": 0.749005605232907
    },
    "T0.8": {
      "gamma": 0.09499871144843212,
      "distinct1": 0.051371256510416664,
      "distinct2": 0.36263389723609657,
      "entropy": 8.453759465326145,
      "rep4": 0.2708314259264911
    }
  },
  "degraded": {
    "greedy": {
      "gamma": 0.17399037673202467,
      "distinct1": 0.032552083333333336,
      "distinct2": 0.25637060923878213,
      "entropy": 8.483782612239757,
      "rep4": 0.3709423098442539
    },
    "T0.8": {
      "gamma": 0.11789868708610578,
      "distinct1": 0.047892252604166664,
      "distinct2": 0.41662004211468623,
      "entropy": 9.14533852471952,
      "rep4": 0.16427096367280092
    }
  }
}