{
  "N_target": 12000000.0,
  "N_actual": 11542210,
  "tok": "bpe1500",
  "V": 1501,
  "alpha": 0.9978175454029924,
  "cpt": 1.9984811543227148,
  "hidden": 256,
  "final_bpc": 1.7187322512083276,
  "log": [
    {
      "step": 250,
      "train_loss": 2.922360420227051,
      "bpc": 2.04725121308818
    },
    {
      "step": 500,
      "train_loss": 2.5199100971221924,
      "bpc": 1.8512677980611436
    },
    {
      "step": 750,
      "train_loss": 2.4399704933166504,
      "bpc": 1.7553910194867661
    },
    {
      "step": 1000,
      "train_loss": 2.332454204559326,
      "bpc": 1.7187322512083276
    }
  ]
}