{
  "N_target": 12000000.0,
  "N_actual": 12310210,
  "tok": "bpe3000",
  "V": 3001,
  "alpha": 1.0570140476218925,
  "cpt": 2.117056275589918,
  "hidden": 256,
  "final_bpc": 1.7182977351312274,
  "log": [
    {
      "step": 250,
      "train_loss": 3.0036046504974365,
      "bpc": 2.035071446177883
    },
    {
      "step": 500,
      "train_loss": 2.769395112991333,
      "bpc": 1.836755131278926
    },
    {
      "step": 750,
      "train_loss": 2.5653626918792725,
      "bpc": 1.7515722846109179
    },
    {
      "step": 1000,
      "train_loss": 2.5415525436401367,
      "bpc": 1.7182977351312274
    }
  ]
}