{
  "N_target": 12000000.0,
  "N_actual": 10853058,
  "tok": "char",
  "V": 155,
  "alpha": 0.9388061414078249,
  "cpt": 1.0,
  "hidden": 256,
  "final_bpc": 1.8738128949046107,
  "log": [
    {
      "step": 250,
      "train_loss": 1.6363897323608398,
      "bpc": 2.3218373314306753
    },
    {
      "step": 500,
      "train_loss": 1.3662383556365967,
      "bpc": 2.023154373746632
    },
    {
      "step": 750,
      "train_loss": 1.32332444190979,
      "bpc": 1.9188971149323908
    },
    {
      "step": 1000,
      "train_loss": 1.314937710762024,
      "bpc": 1.8738128949046107
    }
  ]
}