{
  "N_target": 12000000.0,
  "N_actual": 11030210,
  "tok": "bpe500",
  "V": 501,
  "alpha": 0.9137000865450882,
  "cpt": 1.7529989429416375,
  "hidden": 256,
  "final_bpc": 1.7408100303868603,
  "log": [
    {
      "step": 250,
      "train_loss": 2.572971820831299,
      "bpc": 2.0864002026243256
    },
    {
      "step": 500,
      "train_loss": 2.190417766571045,
      "bpc": 1.8597573454825458
    },
    {
      "step": 750,
      "train_loss": 2.146785020828247,
      "bpc": 1.7777801418355192
    },
    {
      "step": 1000,
      "train_loss": 2.037754535675049,
      "bpc": 1.7408100303868603
    }
  ]
}