{
  "N_target": 12000000.0,
  "N_actual": 10973962,
  "tok": "bpe6000",
  "V": 6001,
  "alpha": 1.0932580360290316,
  "cpt": 2.2200515051949203,
  "hidden": 224,
  "final_bpc": 1.7299652664046246,
  "log": [
    {
      "step": 250,
      "train_loss": 3.2507405281066895,
      "bpc": 2.0155428048793422
    },
    {
      "step": 500,
      "train_loss": 2.9654903411865234,
      "bpc": 1.8378501142728514
    },
    {
      "step": 750,
      "train_loss": 2.909362554550171,
      "bpc": 1.7655038045259228
    },
    {
      "step": 1000,
      "train_loss": 2.7138302326202393,
      "bpc": 1.7299652664046246
    }
  ]
}