{
  "N_target": 32000000.0,
  "N_actual": 33000722,
  "tok": "bpe500",
  "V": 501,
  "alpha": 0.9137000865450882,
  "cpt": 1.7529989429416375,
  "hidden": 448,
  "final_bpc": 1.6242738095160871,
  "log": [
    {
      "step": 250,
      "train_loss": 2.3563385009765625,
      "bpc": 1.9417345491295728
    },
    {
      "step": 500,
      "train_loss": 2.098269462585449,
      "bpc": 1.7568839918862773
    },
    {
      "step": 750,
      "train_loss": 2.050623893737793,
      "bpc": 1.6596365248148044
    },
    {
      "step": 1000,
      "train_loss": 1.8806333541870117,
      "bpc": 1.6242738095160871
    }
  ]
}