{
  "N_target": 32000000.0,
  "N_actual": 32690706,
  "tok": "char",
  "V": 155,
  "alpha": 0.9388061414078249,
  "cpt": 1.0,
  "hidden": 448,
  "final_bpc": 1.7427868804488746,
  "log": [
    {
      "step": 250,
      "train_loss": 1.5105972290039062,
      "bpc": 2.1682692069610496
    },
    {
      "step": 500,
      "train_loss": 1.2666702270507812,
      "bpc": 1.9048082961737094
    },
    {
      "step": 750,
      "train_loss": 1.185492992401123,
      "bpc": 1.789279982352523
    },
    {
      "step": 1000,
      "train_loss": 1.152274489402771,
      "bpc": 1.7427868804488746
    }
  ]
}