{
  "N_target": 32000000.0,
  "N_actual": 30603610,
  "tok": "bpe3000",
  "V": 3001,
  "alpha": 1.0570140476218925,
  "cpt": 2.117056275589918,
  "hidden": 416,
  "final_bpc": 1.6317839064840316,
  "log": [
    {
      "step": 250,
      "train_loss": 3.049251079559326,
      "bpc": 1.95255056346825
    },
    {
      "step": 500,
      "train_loss": 2.6699774265289307,
      "bpc": 1.7542342485692932
    },
    {
      "step": 750,
      "train_loss": 2.4957616329193115,
      "bpc": 1.6703823838804728
    },
    {
      "step": 1000,
      "train_loss": 2.3145058155059814,
      "bpc": 1.6317839064840316
    }
  ]
}