{
  "N_target": 32000000.0,
  "N_actual": 33896722,
  "tok": "bpe1500",
  "V": 1501,
  "alpha": 0.9978175454029924,
  "cpt": 1.9984811543227148,
  "hidden": 448,
  "final_bpc": 1.610165898999106,
  "log": [
    {
      "step": 250,
      "train_loss": 2.7347655296325684,
      "bpc": 1.9415047661311462
    },
    {
      "step": 500,
      "train_loss": 2.451101779937744,
      "bpc": 1.7441113984780157
    },
    {
      "step": 750,
      "train_loss": 2.251511573791504,
      "bpc": 1.6510545251558257
    },
    {
      "step": 1000,
      "train_loss": 2.2031500339508057,
      "bpc": 1.610165898999106
    }
  ]
}