{
  "N_target": 32000000.0,
  "N_actual": 33099610,
  "tok": "bpe6000",
  "V": 6001,
  "alpha": 1.0932580360290316,
  "cpt": 2.2200515051949203,
  "hidden": 416,
  "final_bpc": 1.6055803829800805,
  "log": [
    {
      "step": 250,
      "train_loss": 2.9401745796203613,
      "bpc": 1.914004124532776
    },
    {
      "step": 500,
      "train_loss": 2.654114246368408,
      "bpc": 1.724888332387296
    },
    {
      "step": 750,
      "train_loss": 2.538712501525879,
      "bpc": 1.6411189211013788
    },
    {
      "step": 1000,
      "train_loss": 2.443683385848999,
      "bpc": 1.6055803829800805
    }
  ]
}