{
  "N_target": 4000000.0,
  "N_actual": 4314082,
  "tok": "bpe6000",
  "V": 6001,
  "alpha": 1.0932580360290316,
  "cpt": 2.2200515051949203,
  "hidden": 128,
  "final_bpc": 1.8911579214547984,
  "log": [
    {
      "step": 250,
      "train_loss": 3.512618064880371,
      "bpc": 2.1957739624944974
    },
    {
      "step": 500,
      "train_loss": 3.197537899017334,
      "bpc": 1.991427368297033
    },
    {
      "step": 750,
      "train_loss": 2.9782967567443848,
      "bpc": 1.917811825045772
    },
    {
      "step": 1000,
      "train_loss": 3.0529632568359375,
      "bpc": 1.8911579214547984
    }
  ]
}