{
  "N_target": 4000000.0,
  "N_actual": 4447898,
  "tok": "bpe500",
  "V": 501,
  "alpha": 0.9137000865450882,
  "cpt": 1.7529989429416375,
  "hidden": 160,
  "final_bpc": 1.8597573454825458,
  "log": [
    {
      "step": 250,
      "train_loss": 2.703897476196289,
      "bpc": 2.2246362715193118
    },
    {
      "step": 500,
      "train_loss": 2.422600507736206,
      "bpc": 1.9835268490280569
    },
    {
      "step": 750,
      "train_loss": 2.296416759490967,
      "bpc": 1.8951200607812635
    },
    {
      "step": 1000,
      "train_loss": 2.262148857116699,
      "bpc": 1.8597573454825458
    }
  ]
}