{
  "N_target": 4000000.0,
  "N_actual": 3546082,
  "tok": "bpe3000",
  "V": 3001,
  "alpha": 1.0570140476218925,
  "cpt": 2.117056275589918,
  "hidden": 128,
  "final_bpc": 1.9285928878428726,
  "log": [
    {
      "step": 250,
      "train_loss": 3.445671319961548,
      "bpc": 2.2719862384732803
    },
    {
      "step": 500,
      "train_loss": 3.1029715538024902,
      "bpc": 2.044388320032196
    },
    {
      "step": 750,
      "train_loss": 3.016423225402832,
      "bpc": 1.955212527426625
    },
    {
      "step": 1000,
      "train_loss": 2.8694403171539307,
      "bpc": 1.9285928878428726
    }
  ]
}