{
  "N_target": 4000000.0,
  "N_actual": 4767898,
  "tok": "bpe1500",
  "V": 1501,
  "alpha": 0.9978175454029924,
  "cpt": 1.9984811543227148,
  "hidden": 160,
  "final_bpc": 1.8540877033133314,
  "log": [
    {
      "step": 250,
      "train_loss": 3.1004886627197266,
      "bpc": 2.189656428323653
    },
    {
      "step": 500,
      "train_loss": 2.720040798187256,
      "bpc": 1.9725237239052096
    },
    {
      "step": 750,
      "train_loss": 2.5777647495269775,
      "bpc": 1.8921564242178637
    },
    {
      "step": 1000,
      "train_loss": 2.562823534011841,
      "bpc": 1.8540877033133314
    }
  ]
}