{
  "N_target": 4000000.0,
  "N_actual": 4337178,
  "tok": "char",
  "V": 155,
  "alpha": 0.9388061414078249,
  "cpt": 1.0,
  "hidden": 160,
  "final_bpc": 2.000612263732742,
  "log": [
    {
      "step": 250,
      "train_loss": 1.7261360883712769,
      "bpc": 2.4768143377761698
    },
    {
      "step": 500,
      "train_loss": 1.4739854335784912,
      "bpc": 2.1823580257197306
    },
    {
      "step": 750,
      "train_loss": 1.4520390033721924,
      "bpc": 2.0583764206433353
    },
    {
      "step": 1000,
      "train_loss": 1.3608185052871704,
      "bpc": 2.000612263732742
    }
  ]
}